<?xml version="1.0" encoding="UTF-8"?>
<metropolitan_bus_route>
  <route name="C1" schedule="6:00-00:15 cada 5 minutos">
    <stop id="Puerto Osario" information="Pasan las líneas C1, 2, 5"></stop>
    <stop id="Santa Justa" information="Pasan las líneas C1, 2"></stop>
    <stop id="Luis de Morales" information="Pasan las líneas C1, 8, 41"></stop>
    <stop id="San Francisco Javier" information="Pasan las líneas C1, 41"></stop>
    <stop id="Ramón y Cajal" information="Pasan las líneas C1, 8"></stop>
    <stop id="San Bernardo" information="Pasan las líneas C1, C2"></stop>
    <stop id="Prado" information="Pasan las líneas C1, 5"></stop>
    <stop id="María Luisa" information="Pasan las líneas C1, 2, 5"></stop>
    <stop id="Virgen de Luján" information="Pasan las líneas C1, C2, 41"></stop>
    <stop id="López de Gomara" information="Pasan las líneas C1, 2, 5, 8, 41"></stop>
    <stop id="Ronda Triana" information="Pasan las líneas C1, 2, 5, 8"></stop>
    <stop id="Cartuja" information="Pasa la línea C1"></stop>
    <stop id="Barqueta" information="Pasa la línea C1"></stop>
    <stop id="Macarena" information="Pasan las líneas C1, C2, 5"></stop>
    <stop id="Ronda Capuchinos" information="Pasan las líneas C1, C2, 2, 5, 8, 41"></stop>
  </route>
</metropolitan_bus_route>
